"","r","alpha","depth","model"
"1",0.380488450083888,4.1,1,"2"
"2",0.742153639215932,3,1,"3"
"3",0.750228287988447,2.6,1,"4"
"4",0.805162338535779,4.2,1,"5"
